{
    "dataBinding": {
        "/webapp/view/Page1.view.xml": {
            "entitySet": ""
        }, 
        "/webapp/view/Page2.view.xml": {
            "entitySet": ""
        }, 
        "/webapp/view/Page4.view.xml": {
            "entitySet": ""
        }, 
        "/webapp/view/Page5.view.xml": {
            "entitySet": ""
        }, 
        "/webapp/view/Page6.view.xml": {
            "entitySet": ""
        }, 
        "/webapp/view/Page7.view.xml": {
            "entitySet": ""
        }, 
        "/webapp/view/Page8.view.xml": {
            "entitySet": ""
        }, 
        "/webapp/view/Page9.view.xml": {
            "entitySet": "http://h06.cob.csuchico.edu:8000/gbi-student-263/PROYECTO/webapp/services/proyecto.xsodata/Products"
        }, 
        "/webapp/view/Page10.view.xml": {
            "entitySet": ""
        }, 
        "/webapp/view/Page12.view.xml": {
            "entitySet": ""
        }, 
        "/webapp/view/QuickView1.view.xml": {
            "entitySet": ""
        } 
    }
}