{
    "variante": {
        "Procesador": {
            "descripcion" : "AMD RYZEN 3 3200G",
            "precio":  428000
        },
        "Tarjeta Gráfica": {
            "descripcion" : "ASUS RX 5500XT STRIX GAMING OC 8GB DDR6",
            "precio": 936000
        },
        "Memoria Ram": {
            "descripcion" : "8GB DDR4",
            "precio": 162000
        },   
        "MotherBoard": {
            "descripcion" : "GIGABYTE B365M- DS3H",
            "precio":  309000
        }
    }
}