{
    "variante": {
        "Procesador": {
            "descripcion" : "AMD RYZEN 5 3400G ",
            "precio": 675000
        },
        "Tarjeta Gráfica": {
            "descripcion" : "ASROCK RX 5700 CHALLENGER D OC 8GB DDR6",
            "precio": 1350000
        },
        "Memoria Ram": {
            "descripcion" : "8GB DDR4",
            "precio": 198000
        },   
        "MotherBoard": {
            "descripcion" : "ASROCK H110 PRO BTC+",
            "precio": 130000
        }
    }
}